,Q_H_annual,Q_C_annual,Q_H_annual_per_sqm,Q_C_annual_per_sqm
0,2940099,18959386,21151.791366906476,136398.46043165468
